0,OUI,VEUX-TU VENIR AVEC MOI DANS LA JUNGLE,*,Suis-moi jeune humain! Bienvenue dans mon monde. Voici mon album photos! Veux-tu que je te montre des photos des animaux de la jungle?,jungle.aiml
0,NON,VEUX-TU VENIR AVEC MOI DANS LA JUNGLE,*,<random>#Newline				<li>Je suis un solitaire et rusé.Je use de la persuation et de mon talent d'hypnotise pour tenter d'arriver à mes fins.Je n'ai pas peur de qui que ce soit à part Shere Khan. Quel reponse donneras tu?</li>#Newline				<li>Je suis très attaché à Mowgli#Comma je le défend contre tout type de situation. C'est grâce moi que le petit homme a survécu#Comma car je suis celui qui a pris pitié de lui et je l'ai mis en sécurité chez les loups. Quel serait la reponse?</li>#Newline				<li>Je connaît bien mal les dangers de la jungle.Et je suis têtu. Qui est-ce?</li>#Newline				<li>J'ai un bon vivant qui prend la vie comme elle me vient#Comma à la légère.Je suis un costaud au grand coeur#Comma il s'avère que je suis tendre et compréhensif et surtout#Commafidèle à l'amitié que je porte. Comment m'appelle t-on?</li>#Newline				<li>Je suis la compagne du Colonel Hathi.Je suis une maman attentionnée. As-tu trouve?</li>#Newline				<li>Je suis une amie proche de Mowgli. C'est?</li>#Newline				<li>Je suis est un orang-outang aspirant à être humain.Je veux découvrir le secret de l'homme#Comma tout particulièrement la recette qui me permettrait de créer le feu. La reponse est?</li>#Newline				<li>Je suis réputé pour ma fermeté et mon sens de la discipline#Comma il s'avère que je suis intolérant et déterminé à préserver mon honneur et mon rang. Je suis également papa. Donc?</li>#Newline				<li>Je suis un jeune petit éléphanteau qui désire un jour devenir colonel comme mon papa. Je suis?</li>#Newline				<li>Je suis le père adoptif de Mowgli. Ce personnage est?</li>#Newline			</random>,jungle.aiml
0,NON *,VEUX-TU VENIR AVEC MOI DANS LA JUNGLE,*,<random>#Newline				<li>Je suis un solitaire et rusé.Je use de la persuation et de mon talent d'hypnotise pour tenter d'arriver à mes fins.Je n'ai pas peur de qui que ce soit à part Shere Khan. Quel reponse donneras tu?</li>#Newline				<li>Je suis très attaché à Mowgli#Comma je le défend contre tout type de situation. C'est grâce moi que le petit homme a survécu#Comma car je suis celui qui a pris pitié de lui et je l'ai mis en sécurité chez les loups. Quel serait la reponse?</li>#Newline				<li>Je connaît bien mal les dangers de la jungle.Et je suis têtu. Qui est-ce?</li>#Newline				<li>J'ai un bon vivant qui prend la vie comme elle me vient#Comma à la légère.Je suis un costaud au grand coeur#Comma il s'avère que je suis tendre et compréhensif et surtout#Commafidèle à l'amitié que je porte. Comment m'appelle t-on?</li>#Newline				<li>Je suis la compagne du Colonel Hathi.Je suis une maman attentionnée. As-tu trouve?</li>#Newline				<li>Je suis une amie proche de Mowgli. C'est?</li>#Newline				<li>Je suis est un orang-outang aspirant à être humain.Je veux découvrir le secret de l'homme#Comma tout particulièrement la recette qui me permettrait de créer le feu. La reponse est?</li>#Newline				<li>Je suis réputé pour ma fermeté et mon sens de la discipline#Comma il s'avère que je suis intolérant et déterminé à préserver mon honneur et mon rang. Je suis également papa. Donc?</li>#Newline				<li>Je suis un jeune petit éléphanteau qui désire un jour devenir colonel comme mon papa. Je suis?</li>#Newline				<li>Je suis le père adoptif de Mowgli. Ce personnage est?</li>#Newline			</random>,jungle.aiml
0,YES,VEUX-TU QUE JE TE MONTRE DES PHOTOS DES ANIMAUX DE LA JUNGLE,*,<srai>BALOO</srai> Veux-tu que je continue,jungle.aiml
0,OUAIS,VEUX-TU QUE JE TE MONTRE DES PHOTOS DES ANIMAUX DE LA JUNGLE,*,<srai>BALOO</srai> Veux-tu que continue,jungle.aiml
0,OUI,VEUX-TU QUE JE TE MONTRE DES PHOTOS DES ANIMAUX DE LA JUNGLE,*,<srai>BALOO</srai> Veux-tu que je continue,jungle.aiml
0,OUI *,VEUX-TU VENIR AVEC MOI DANS LA JUNGLE,*,Suis-moi jeune humain! Bienvenue dans mon monde. Voici mon album photos! Veux-tu que je te montre des photos des animaux de la jungle?,jungle.aiml
0,YES *,VEUX-TU QUE JE TE MONTRE DES PHOTOS DES ANIMAUX DE LA JUNGLE,*,<srai>BALOO</srai> Veux-tu que je continue,jungle.aiml
0,OUAIS *,VEUX-TU QUE JE TE MONTRE DES PHOTOS DES ANIMAUX DE LA JUNGLE,*,<srai>BALOO</srai> Veux-tu que continue,jungle.aiml
0,OUI *,VEUX-TU QUE JE TE MONTRE DES PHOTOS DES ANIMAUX DE LA JUNGLE,*,<srai>BALOO</srai> Veux-tu que je continue,jungle.aiml
0,NON,VEUX-TU QUE JE TE MONTRE DES PHOTOS DES ANIMAUX DE LA JUNGLE,*,<random>#Newline			<li>Veux-tu que je te montre Shere Khan?</li>#Newline			<li>Veux-tu que je te montre Moi</li>#Newline			<li>Veux-tu que je te montre Bagheera</li>#Newline			<li>Veux-tu que je te montre Mowgli</li>#Newline			<li>Veux-tu que je te montre Junior</li>#Newline			<li>Veux-tu jouer au devinette avec moi</li>#Newline			<li>Veux-tu que je te montre Kaa</li>#Newline			<li>Veux-tu que je te montre Roi Louie</li>#Newline			<li>Veux-tu que je te montre Shanti</li>#Newline			<li>Veux-tu jouer au devinette avec moi</li>#Newline			<li>Veux-tu que je te montre Colonel Hathi</li>#Newline			<li>Veux-tu que je te montre Flunkey</li>#Newline			<li>Veux-tu que je te montre Rama</li>#Newline			<li>Veux-tu jouer au devinette avec moi</li>#Newline			<li>Veux-tu que je te montre Raksha</li>#Newline			<li>Veux-tu que je te montre Shere Khan</li>#Newline			<li>Veux-tu que je te montre les Singes</li>#Newline			<li>Veux-tu jouer au devinette avec moi</li>#Newline			<li>Veux-tu que je te montre Winifred</li>#Newline			<li>Veux-tu que je te montre les Vautours</li>#Newline			<li>Veux-tu que je te montre les Elephants</li>#Newline			<li>Veux-tu jouer au devinette avec moi</li>#Newline		</random>,jungle.aiml
0,NO,VEUX-TU QUE JE TE MONTRE DES PHOTOS DES ANIMAUX DE LA JUNGLE,*,<random>#Newline			<li>Veux-tu que je te montre Shere Khan?</li>#Newline			<li>Veux-tu que je te montre Moi</li>#Newline			<li>Veux-tu que je te montre Bagheera</li>#Newline			<li>Veux-tu que je te montre Mowgli</li>#Newline			<li>Veux-tu que je te montre Junior</li>#Newline			<li>Veux-tu que je te montre Kaa</li>#Newline			<li>Veux-tu que je te montre Roi Louie</li>#Newline			<li>Veux-tu que je te montre Shanti</li>#Newline			<li>Veux-tu que je te montre Colonel Hathi</li>#Newline			<li>Veux-tu que je te montre Flunkey</li>#Newline			<li>Veux-tu que je te montre Rama</li>#Newline			<li>Veux-tu que je te montre Raksha</li>#Newline			<li>Veux-tu que je te montre Shere Khan</li>#Newline			<li>Veux-tu que je te montre les Singes</li>#Newline			<li>Veux-tu que je te montre Winifred</li>#Newline			<li>Veux-tu que je te montre les Vautours</li>#Newline			<li>Veux-tu que je te montre les Elephants</li>#Newline		</random>,jungle.aiml
0,NON *,VEUX-TU QUE JE TE MONTRE DES PHOTOS DES ANIMAUX DE LA JUNGLE,*,<random>#Newline			<li>Veux-tu que je te montre Shere Khan?</li>#Newline			<li>Veux-tu que je te montre Moi</li>#Newline			<li>Veux-tu que je te montre Bagheera</li>#Newline			<li>Veux-tu que je te montre Mowgli</li>#Newline			<li>Veux-tu que je te montre Junior</li>#Newline			<li>Veux-tu jouer au devinette avec moi</li>#Newline			<li>Veux-tu que je te montre Kaa</li>#Newline			<li>Veux-tu que je te montre Roi Louie</li>#Newline			<li>Veux-tu que je te montre Shanti</li>#Newline			<li>Veux-tu jouer au devinette avec moi</li>#Newline			<li>Veux-tu que je te montre Colonel Hathi</li>#Newline			<li>Veux-tu que je te montre Flunkey</li>#Newline			<li>Veux-tu que je te montre Rama</li>#Newline			<li>Veux-tu jouer au devinette avec moi</li>#Newline			<li>Veux-tu que je te montre Raksha</li>#Newline			<li>Veux-tu que je te montre Shere Khan</li>#Newline			<li>Veux-tu que je te montre les Singes</li>#Newline			<li>Veux-tu jouer au devinette avec moi</li>#Newline			<li>Veux-tu que je te montre Winifred</li>#Newline			<li>Veux-tu que je te montre les Vautours</li>#Newline			<li>Veux-tu que je te montre les Elephants</li>#Newline			<li>Veux-tu jouer au devinette avec moi</li>#Newline		</random>,jungle.aiml
0,NO *,VEUX-TU QUE JE TE MONTRE DES PHOTOS DES ANIMAUX DE LA JUNGLE,*,<random>#Newline			<li>Veux-tu que je te montre Shere Khan?</li>#Newline			<li>Veux-tu que je te montre Moi</li>#Newline			<li>Veux-tu que je te montre Bagheera</li>#Newline			<li>Veux-tu que je te montre Mowgli</li>#Newline			<li>Veux-tu que je te montre Junior</li>#Newline			<li>Veux-tu que je te montre Kaa</li>#Newline			<li>Veux-tu que je te montre Roi Louie</li>#Newline			<li>Veux-tu que je te montre Shanti</li>#Newline			<li>Veux-tu que je te montre Colonel Hathi</li>#Newline			<li>Veux-tu que je te montre Flunkey</li>#Newline			<li>Veux-tu que je te montre Rama</li>#Newline			<li>Veux-tu que je te montre Raksha</li>#Newline			<li>Veux-tu que je te montre Shere Khan</li>#Newline			<li>Veux-tu que je te montre les Singes</li>#Newline			<li>Veux-tu que je te montre Winifred</li>#Newline			<li>Veux-tu que je te montre les Vautours</li>#Newline			<li>Veux-tu que je te montre les Elephants</li>#Newline		</random>,jungle.aiml
0,NON *,VEUX-TU JOUER AU DEVINETTE AVEC MOI,*,<random>#Newline			<li>Veux-tu que je te montre Shere Khan?</li>#Newline			<li>Veux-tu que je te montre Moi</li>#Newline			<li>Veux-tu que je te montre Bagheera</li>#Newline			<li>Veux-tu que je te montre Mowgli</li>#Newline			<li>Veux-tu que je te montre Junior</li>#Newline			<li>Veux-tu que je te montre Kaa</li>#Newline			<li>Veux-tu que je te montre Roi Louie</li>#Newline			<li>Veux-tu que je te montre Shanti</li>#Newline			<li>Veux-tu que je te montre Colonel Hathi</li>#Newline			<li>Veux-tu que je te montre Flunkey</li>#Newline			<li>Veux-tu que je te montre Rama</li>#Newline			<li>Veux-tu que je te montre Raksha</li>#Newline			<li>Veux-tu que je te montre Shere Khan</li>#Newline			<li>Veux-tu que je te montre les Singes</li>#Newline			<li>Veux-tu que je te montre Winifred</li>#Newline			<li>Veux-tu que je te montre les Vautours</li>#Newline			<li>Veux-tu que je te montre les Elephants</li>#Newline		</random>,jungle.aiml
0,BALOO,*,*,<random>#Newline			<li><img src="https://disney-planet.fr/wp-content/uploads/2015/08/baloo-personnage-livre-jungle-01.jpg"/></li>#Newline#Newline			<li><img src="https://disney-planet.fr/wp-content/uploads/2015/08/baloo-personnage-livre-jungle-05.jpg"/></li>#Newline#Newline#Newline			<li><img src="https://disney-planet.fr/wp-content/uploads/2015/08/baloo-personnage-livre-jungle-03.jpg"/></li>#Newline#Newline			<li><img src="https://disney-planet.fr/wp-content/uploads/2015/08/baloo-personnage-livre-jungle-02.jpg"/></li>#Newline#Newline			<li><img src="https://disney-planet.fr/wp-content/uploads/2015/08/baloo-personnage-livre-jungle-07.jpg"/></li>#Newline#Newline			<li><img src="https://disney-planet.fr/wp-content/uploads/2015/08/baloo-personnage-livre-jungle-06.jpg"/></li>#Newline#Newline			<li><img src="https://disney-planet.fr/wp-content/uploads/2015/08/baloo-personnage-livre-jungle-09.jpg"/></li>#Newline#Newline#Newline			<li><img src="https://disney-planet.fr/wp-content/uploads/2015/08/baloo-personnage-livre-jungle-10.jpg"/></li>#Newline		</random>#Newline		CA c'est moi! Regarde moi cette beauté.,jungle.aiml
0,MONTRE MOI BALOO,*,*,<srai>BALOO</srai>,jungle.aiml
0,OUI,VEUX-TU QUE JE CONTINUE,*,<random>#Newline			<li><srai>BAGHEERA</srai> Photo suivante?</li>#Newline			<li><srai>BALOO</srai> Photo suivante?</li>#Newline			<li><srai>MOWGLI</srai> Photo suivante?</li>#Newline			<li><srai>JUNIOR</srai> Photo suivante?</li>#Newline			<li><srai>KAA</srai> Photo suivante?</li>#Newline			<li><srai>ROI LOUIE</srai> Photo suivante?</li>#Newline			<li><srai>SHANTI</srai> Photo suivante?</li>#Newline			<li><srai>COLONEL HATHI</srai> Photo suivante?</li>#Newline			<li><srai>FLUNKEY</srai> Photo suivante?</li>#Newline			<li><srai>RAMA</srai> Photo suivante?</li>#Newline			<li><srai>Raksha</srai> Photo suivante?</li>#Newline			<li><srai>SHERE KHAN</srai> Photo suivante?</li>#Newline			<li><srai>LES SINGES</srai> Photo suivante?</li>#Newline			<li><srai>WINIFRED</srai> Photo suivante?</li>#Newline			<li><srai>LES VAUTOURS</srai> Photo suivante?</li>#Newline			<li><srai>LES ELEPHANTS</srai> Photo suivante?</li>#Newline		</random>,jungle.aiml
0,NON,VEUX-TU QUE JE CONTINUE,*,<random>#Newline			<li>Veux-tu que je te montre Shere Khan?</li>#Newline			<li>Veux-tu que je te montre Moi</li>#Newline			<li>Veux-tu que je te montre Bagheera</li>#Newline			<li>Veux-tu que je te montre Mowgli</li>#Newline			<li>Veux-tu que je te montre Junior</li>#Newline			<li>Veux-tu jouer au devinette avec moi</li>#Newline			<li>Veux-tu que je te montre Kaa</li>#Newline			<li>Veux-tu que je te montre Roi Louie</li>#Newline			<li>Veux-tu que je te montre Shanti</li>#Newline			<li>Veux-tu jouer au devinette avec moi</li>#Newline			<li>Veux-tu que je te montre Colonel Hathi</li>#Newline			<li>Veux-tu que je te montre Flunkey</li>#Newline			<li>Veux-tu que je te montre Rama</li>#Newline			<li>Veux-tu jouer au devinette avec moi</li>#Newline			<li>Veux-tu que je te montre Raksha</li>#Newline			<li>Veux-tu que je te montre Shere Khan</li>#Newline			<li>Veux-tu que je te montre les Singes</li>#Newline			<li>Veux-tu jouer au devinette avec moi</li>#Newline			<li>Veux-tu que je te montre Winifred</li>#Newline			<li>Veux-tu que je te montre les Vautours</li>#Newline			<li>Veux-tu que je te montre les Elephants</li>#Newline			<li>Veux-tu jouer au devinette avec moi</li>#Newline		</random>,jungle.aiml
0,OUI,VEUX-TU QUE JE TE MONTRE SHERE KHAN,*,<srai>SHERE KHAN</srai>Photo suivante?,jungle.aiml
0,NON,VEUX-TU QUE JE TE MONTRE SHERE KHAN,*,<random>#Newline		<li>Veux-tu que je te montre Shere Khan?</li>#Newline			<li>Veux-tu que je te montre Moi</li>#Newline			<li>Veux-tu que je te montre Bagheera</li>#Newline			<li>Veux-tu que je te montre Mowgli</li>#Newline			<li>Veux-tu que je te montre Junior</li>#Newline			<li>Veux-tu jouer au devinette avec moi</li>#Newline			<li>Veux-tu que je te montre Kaa</li>#Newline			<li>Veux-tu que je te montre Roi Louie</li>#Newline			<li>Veux-tu que je te montre Shanti</li>#Newline			<li>Veux-tu jouer au devinette avec moi</li>#Newline			<li>Veux-tu que je te montre Colonel Hathi</li>#Newline			<li>Veux-tu que je te montre Flunkey</li>#Newline			<li>Veux-tu que je te montre Rama</li>#Newline			<li>Veux-tu jouer au devinette avec moi</li>#Newline			<li>Veux-tu que je te montre Raksha</li>#Newline			<li>Veux-tu que je te montre Shere Khan</li>#Newline			<li>Veux-tu que je te montre les Singes</li>#Newline			<li>Veux-tu jouer au devinette avec moi</li>#Newline			<li>Veux-tu que je te montre Winifred</li>#Newline			<li>Veux-tu que je te montre les Vautours</li>#Newline			<li>Veux-tu que je te montre les Elephants</li>#Newline			<li>Veux-tu jouer au devinette avec moi</li>#Newline		</random>,jungle.aiml
0,BAGHEERA,*,*,<random>#Newline#Newline			<li><img src="https://disney-planet.fr/wp-content/uploads/2015/08/bagheera-personnage-livre-jungle-09.jpg"/></li>#Newline#Newline			<li><img src="https://disney-planet.fr/wp-content/uploads/2015/08/bagheera-personnage-livre-jungle-01.jpg"/></li>#Newline#Newline			<li><img src="https://disney-planet.fr/wp-content/uploads/2015/08/bagheera-personnage-livre-jungle-07.jpg"/></li>#Newline#Newline			<li><img src="https://disney-planet.fr/wp-content/uploads/2015/08/bagheera-personnage-livre-jungle-06.jpg"/></li>#Newline#Newline			<li><img src="https://disney-planet.fr/wp-content/uploads/2015/08/bagheera-personnage-livre-jungle-04.jpg"/></li>#Newline#Newline			<li><img src="https://disney-planet.fr/wp-content/uploads/2015/08/bagheera-personnage-livre-jungle-03.jpg"/></li>#Newline#Newline			<li><img src="https://disney-planet.fr/wp-content/uploads/2015/08/bagheera-personnage-livre-jungle-02.jpg"/></li>#Newline#Newline			<li><img src="https://disney-planet.fr/wp-content/uploads/2015/08/bagheera-personnage-livre-jungle-08.jpg"/></li>#Newline#Newline			<li><img src="https://disney-planet.fr/wp-content/uploads/2015/08/bagheera-personnage-livre-jungle-11.jpg"/></li>#Newline#Newline			<li><img src="https://disney-planet.fr/wp-content/uploads/2015/08/bagheera-personnage-livre-jungle-10.jpg"/></li>#Newline#Newline		</random>#Newline		Ahh mon vieille ami!,jungle.aiml
0,MONTRE BAGHEERA,*,*,<srai>BAGHEERA</srai>,jungle.aiml
0,NON,VEUX-TU QUE JE TE MONTRE BAGHEERA,*,<random>#Newline			<li>Veux-tu que je te montre Shere Khan?</li>#Newline			<li>Veux-tu que je te montre Moi</li>#Newline			<li>Veux-tu que je te montre Bagheera</li>#Newline			<li>Veux-tu que je te montre Mowgli</li>#Newline			<li>Veux-tu que je te montre Junior</li>#Newline			<li>Veux-tu jouer au devinette avec moi</li>#Newline			<li>Veux-tu que je te montre Kaa</li>#Newline			<li>Veux-tu que je te montre Roi Louie</li>#Newline			<li>Veux-tu que je te montre Shanti</li>#Newline			<li>Veux-tu jouer au devinette avec moi</li>#Newline			<li>Veux-tu que je te montre Colonel Hathi</li>#Newline			<li>Veux-tu que je te montre Flunkey</li>#Newline			<li>Veux-tu que je te montre Rama</li>#Newline			<li>Veux-tu jouer au devinette avec moi</li>#Newline			<li>Veux-tu que je te montre Raksha</li>#Newline			<li>Veux-tu que je te montre Shere Khan</li>#Newline			<li>Veux-tu que je te montre les Singes</li>#Newline			<li>Veux-tu jouer au devinette avec moi</li>#Newline			<li>Veux-tu que je te montre Winifred</li>#Newline			<li>Veux-tu que je te montre les Vautours</li>#Newline			<li>Veux-tu que je te montre les Elephants</li>#Newline			<li>Veux-tu jouer au devinette avec moi</li>#Newline		</random>,jungle.aiml
0,OUI,VEUX-TU QUE JE TE MONTRE BAGHEERA,*,<srai>BAGHEERA</srai>Photo suivante?,jungle.aiml
0,OUI,PHOTO SUIVANTE,*,<random>#Newline			<li><srai>BAGHEERA</srai> Photo suivante?</li>#Newline			<li><srai>BALOO</srai> Photo suivante?</li>#Newline			<li><srai>MOWGLI</srai> Photo suivante?</li>#Newline			<li><srai>JUNIOR</srai> Photo suivante?</li>#Newline			<li><srai>KAA</srai> Photo suivante?</li>#Newline			<li><srai>ROI LOUIE</srai> Photo suivante?</li>#Newline			<li><srai>SHANTI</srai> Photo suivante?</li>#Newline			<li><srai>COLONEL HATHI</srai> Photo suivante?</li>#Newline			<li><srai>FLUNKEY</srai> Photo suivante?</li>#Newline			<li><srai>RAMA</srai> Photo suivante?</li>#Newline			<li><srai>Raksha</srai> Photo suivante?</li>#Newline			<li><srai>SHERE KHAN</srai> Photo suivante?</li>#Newline			<li><srai>LES SINGES</srai> Photo suivante?</li>#Newline			<li><srai>WINIFRED</srai> Photo suivante?</li>#Newline			<li><srai>LES VAUTOURS</srai> Photo suivante?</li>#Newline			<li><srai>LES ELEPHANTS</srai> Photo suivante?</li>#Newline		</random>,jungle.aiml
0,NON,PHOTO SUIVANTE,*,<random>#Newline			<li>Veux-tu que je te montre Shere Khan?</li>#Newline			<li>Veux-tu que je te montre Moi</li>#Newline			<li>Veux-tu que je te montre Bagheera</li>#Newline			<li>Veux-tu que je te montre Mowgli</li>#Newline			<li>Veux-tu que je te montre Junior</li>#Newline			<li>Veux-tu jouer au devinette avec moi</li>#Newline			<li>Veux-tu que je te montre Kaa</li>#Newline			<li>Veux-tu que je te montre Roi Louie</li>#Newline			<li>Veux-tu que je te montre Shanti</li>#Newline			<li>Veux-tu jouer au devinette avec moi</li>#Newline			<li>Veux-tu que je te montre Colonel Hathi</li>#Newline			<li>Veux-tu que je te montre Flunkey</li>#Newline			<li>Veux-tu que je te montre Rama</li>#Newline			<li>Veux-tu jouer au devinette avec moi</li>#Newline			<li>Veux-tu que je te montre Raksha</li>#Newline			<li>Veux-tu que je te montre Shere Khan</li>#Newline			<li>Veux-tu que je te montre les Singes</li>#Newline			<li>Veux-tu jouer au devinette avec moi</li>#Newline			<li>Veux-tu que je te montre Winifred</li>#Newline			<li>Veux-tu que je te montre les Vautours</li>#Newline			<li>Veux-tu que je te montre les Elephants</li>#Newline			<li>Veux-tu jouer au devinette avec moi</li>#Newline		</random>,jungle.aiml
0,NON,VEUX-TU QUE JE TE MONTRE MOI,*,<random>#Newline			<li>Veux-tu que je te montre Shere Khan?</li>#Newline			<li>Veux-tu que je te montre Moi</li>#Newline			<li>Veux-tu que je te montre Bagheera</li>#Newline			<li>Veux-tu que je te montre Mowgli</li>#Newline			<li>Veux-tu que je te montre Junior</li>#Newline			<li>Veux-tu jouer au devinette avec moi</li>#Newline			<li>Veux-tu que je te montre Kaa</li>#Newline			<li>Veux-tu que je te montre Roi Louie</li>#Newline			<li>Veux-tu que je te montre Shanti</li>#Newline			<li>Veux-tu jouer au devinette avec moi</li>#Newline			<li>Veux-tu que je te montre Colonel Hathi</li>#Newline			<li>Veux-tu que je te montre Flunkey</li>#Newline			<li>Veux-tu que je te montre Rama</li>#Newline			<li>Veux-tu jouer au devinette avec moi</li>#Newline			<li>Veux-tu que je te montre Raksha</li>#Newline			<li>Veux-tu que je te montre Shere Khan</li>#Newline			<li>Veux-tu que je te montre les Singes</li>#Newline			<li>Veux-tu jouer au devinette avec moi</li>#Newline			<li>Veux-tu que je te montre Winifred</li>#Newline			<li>Veux-tu que je te montre les Vautours</li>#Newline			<li>Veux-tu que je te montre les Elephants</li>#Newline			<li>Veux-tu jouer au devinette avec moi</li>#Newline		</random>,jungle.aiml
0,OUI,VEUX-TU QUE JE TE MONTRE MOI,*,<srai>BALOO</srai>Photo suivante?,jungle.aiml
0,OUI,VEUX-TU QUE JE TE MONTRE MOWGLI,*,<srai>MOWGLI</srai>Photo suivante?,jungle.aiml
0,OUI,VEUX-TU QUE JE TE MONTRE JUNIOR,*,<srai>JUNIOR</srai>Photo suivante?,jungle.aiml
0,OUI,VEUX-TU QUE JE TE MONTRE KAA,*,<srai>KAA</srai>Photo suivante?,jungle.aiml
0,OUI,VEUX-TU QUE JE TE MONTRE ROI LOUIE,*,<srai>ROI LOUIE</srai>Photo suivante?,jungle.aiml
0,OUI,VEUX-TU QUE JE TE MONTRE SHANTI,*,<srai>SHANTI</srai>Photo suivante?,jungle.aiml
0,OUI,VEUX-TU QUE JE TE MONTRE COLONEL HATHI,*,<srai>COlONEL HATHI</srai>Photo suivante?,jungle.aiml
0,OUI,VEUX-TU QUE JE TE MONTRE FLUNKEY,*,<srai>FLUNKEY</srai>Photo suivante?,jungle.aiml
0,OUI,VEUX-TU QUE JE TE MONTRE RAMA,*,<srai>RAMA</srai>Photo suivante?,jungle.aiml
0,OUI,VEUX-TU QUE JE TE MONTRE RAKSHA,*,<srai>Raksha</srai>Photo suivante?,jungle.aiml
0,OUI,VEUX-TU QUE JE TE MONTRE LES SINGES,*,<srai>LES SINGES</srai>Photo suivante?,jungle.aiml
0,OUI,VEUX-TU QUE JE TE MONTRE WINIFRED,*,<srai>WINIFRED</srai>Photo suivante?,jungle.aiml
0,OUI,VEUX-TU QUE JE TE MONTRE LES VAUTOURS,*,<srai>LES VAUTOURS</srai>Photo suivante?,jungle.aiml
0,OUI,VEUX-TU QUE JE TE MONTRE LES ELEPHANTS,*,<srai>LES ELEPHANTS</srai>Photo suivante?,jungle.aiml
0,NON,VEUX-TU QUE JE TE MONTRE MOWGLI,*,<random>#Newline			<li>Veux-tu que je te montre Shere Khan?</li>#Newline			<li>Veux-tu que je te montre Moi</li>#Newline			<li>Veux-tu que je te montre Bagheera</li>#Newline			<li>Veux-tu que je te montre Mowgli</li>#Newline			<li>Veux-tu que je te montre Junior</li>#Newline			<li>Veux-tu jouer au devinette avec moi</li>#Newline			<li>Veux-tu que je te montre Kaa</li>#Newline			<li>Veux-tu que je te montre Roi Louie</li>#Newline			<li>Veux-tu que je te montre Shanti</li>#Newline			<li>Veux-tu jouer au devinette avec moi</li>#Newline			<li>Veux-tu que je te montre Colonel Hathi</li>#Newline			<li>Veux-tu que je te montre Flunkey</li>#Newline			<li>Veux-tu que je te montre Rama</li>#Newline			<li>Veux-tu jouer au devinette avec moi</li>#Newline			<li>Veux-tu que je te montre Raksha</li>#Newline			<li>Veux-tu que je te montre Shere Khan</li>#Newline			<li>Veux-tu que je te montre les Singes</li>#Newline			<li>Veux-tu jouer au devinette avec moi</li>#Newline			<li>Veux-tu que je te montre Winifred</li>#Newline			<li>Veux-tu que je te montre les Vautours</li>#Newline			<li>Veux-tu que je te montre les Elephants</li>#Newline			<li>Veux-tu jouer au devinette avec moi</li>#Newline		</random>,jungle.aiml
0,NON,VEUX-TU QUE JE TE MONTRE JUNIOR,*,<random>#Newline			<li>Veux-tu que je te montre Shere Khan?</li>#Newline			<li>Veux-tu que je te montre Moi</li>#Newline			<li>Veux-tu que je te montre Bagheera</li>#Newline			<li>Veux-tu que je te montre Mowgli</li>#Newline			<li>Veux-tu que je te montre Junior</li>#Newline			<li>Veux-tu jouer au devinette avec moi</li>#Newline			<li>Veux-tu que je te montre Kaa</li>#Newline			<li>Veux-tu que je te montre Roi Louie</li>#Newline			<li>Veux-tu que je te montre Shanti</li>#Newline			<li>Veux-tu jouer au devinette avec moi</li>#Newline			<li>Veux-tu que je te montre Colonel Hathi</li>#Newline			<li>Veux-tu que je te montre Flunkey</li>#Newline			<li>Veux-tu que je te montre Rama</li>#Newline			<li>Veux-tu jouer au devinette avec moi</li>#Newline			<li>Veux-tu que je te montre Raksha</li>#Newline			<li>Veux-tu que je te montre Shere Khan</li>#Newline			<li>Veux-tu que je te montre les Singes</li>#Newline			<li>Veux-tu jouer au devinette avec moi</li>#Newline			<li>Veux-tu que je te montre Winifred</li>#Newline			<li>Veux-tu que je te montre les Vautours</li>#Newline			<li>Veux-tu que je te montre les Elephants</li>#Newline			<li>Veux-tu jouer au devinette avec moi</li>#Newline		</random>,jungle.aiml
0,NON,VEUX-TU QUE JE TE MONTRE KAA,*,<random>#Newline			<li>Veux-tu que je te montre Shere Khan?</li>#Newline			<li>Veux-tu que je te montre Moi</li>#Newline			<li>Veux-tu que je te montre Bagheera</li>#Newline			<li>Veux-tu que je te montre Mowgli</li>#Newline			<li>Veux-tu que je te montre Junior</li>#Newline			<li>Veux-tu jouer au devinette avec moi</li>#Newline			<li>Veux-tu que je te montre Kaa</li>#Newline			<li>Veux-tu que je te montre Roi Louie</li>#Newline			<li>Veux-tu que je te montre Shanti</li>#Newline			<li>Veux-tu jouer au devinette avec moi</li>#Newline			<li>Veux-tu que je te montre Colonel Hathi</li>#Newline			<li>Veux-tu que je te montre Flunkey</li>#Newline			<li>Veux-tu que je te montre Rama</li>#Newline			<li>Veux-tu jouer au devinette avec moi</li>#Newline			<li>Veux-tu que je te montre Raksha</li>#Newline			<li>Veux-tu que je te montre Shere Khan</li>#Newline			<li>Veux-tu que je te montre les Singes</li>#Newline			<li>Veux-tu jouer au devinette avec moi</li>#Newline			<li>Veux-tu que je te montre Winifred</li>#Newline			<li>Veux-tu que je te montre les Vautours</li>#Newline			<li>Veux-tu que je te montre les Elephants</li>#Newline			<li>Veux-tu jouer au devinette avec moi</li>#Newline		</random>,jungle.aiml
0,NON,VEUX-TU QUE JE TE MONTRE ROI LOUIE,*,<random>#Newline			<li>Veux-tu que je te montre Shere Khan?</li>#Newline			<li>Veux-tu que je te montre Moi</li>#Newline			<li>Veux-tu que je te montre Bagheera</li>#Newline			<li>Veux-tu que je te montre Mowgli</li>#Newline			<li>Veux-tu que je te montre Junior</li>#Newline			<li>Veux-tu jouer au devinette avec moi</li>#Newline			<li>Veux-tu que je te montre Kaa</li>#Newline			<li>Veux-tu que je te montre Roi Louie</li>#Newline			<li>Veux-tu que je te montre Shanti</li>#Newline			<li>Veux-tu jouer au devinette avec moi</li>#Newline			<li>Veux-tu que je te montre Colonel Hathi</li>#Newline			<li>Veux-tu que je te montre Flunkey</li>#Newline			<li>Veux-tu que je te montre Rama</li>#Newline			<li>Veux-tu jouer au devinette avec moi</li>#Newline			<li>Veux-tu que je te montre Raksha</li>#Newline			<li>Veux-tu que je te montre Shere Khan</li>#Newline			<li>Veux-tu que je te montre les Singes</li>#Newline			<li>Veux-tu jouer au devinette avec moi</li>#Newline			<li>Veux-tu que je te montre Winifred</li>#Newline			<li>Veux-tu que je te montre les Vautours</li>#Newline			<li>Veux-tu que je te montre les Elephants</li>#Newline			<li>Veux-tu jouer au devinette avec moi</li>#Newline		</random>,jungle.aiml
0,NON,VEUX-TU QUE JE TE MONTRE SHANTI,*,<random>#Newline			<li>Veux-tu que je te montre Shere Khan?</li>#Newline			<li>Veux-tu que je te montre Moi</li>#Newline			<li>Veux-tu que je te montre Bagheera</li>#Newline			<li>Veux-tu que je te montre Mowgli</li>#Newline			<li>Veux-tu que je te montre Junior</li>#Newline			<li>Veux-tu jouer au devinette avec moi</li>#Newline			<li>Veux-tu que je te montre Kaa</li>#Newline			<li>Veux-tu que je te montre Roi Louie</li>#Newline			<li>Veux-tu que je te montre Shanti</li>#Newline			<li>Veux-tu jouer au devinette avec moi</li>#Newline			<li>Veux-tu que je te montre Colonel Hathi</li>#Newline			<li>Veux-tu que je te montre Flunkey</li>#Newline			<li>Veux-tu que je te montre Rama</li>#Newline			<li>Veux-tu jouer au devinette avec moi</li>#Newline			<li>Veux-tu que je te montre Raksha</li>#Newline			<li>Veux-tu que je te montre Shere Khan</li>#Newline			<li>Veux-tu que je te montre les Singes</li>#Newline			<li>Veux-tu jouer au devinette avec moi</li>#Newline			<li>Veux-tu que je te montre Winifred</li>#Newline			<li>Veux-tu que je te montre les Vautours</li>#Newline			<li>Veux-tu que je te montre les Elephants</li>#Newline			<li>Veux-tu jouer au devinette avec moi</li>#Newline		</random>,jungle.aiml
0,NON,VEUX-TU QUE JE TE MONTRE COLONEL HATHI,*,<random>#Newline			<li>Veux-tu que je te montre Shere Khan?</li>#Newline			<li>Veux-tu que je te montre Moi</li>#Newline			<li>Veux-tu que je te montre Bagheera</li>#Newline			<li>Veux-tu que je te montre Mowgli</li>#Newline			<li>Veux-tu que je te montre Junior</li>#Newline			<li>Veux-tu jouer au devinette avec moi</li>#Newline			<li>Veux-tu que je te montre Kaa</li>#Newline			<li>Veux-tu que je te montre Roi Louie</li>#Newline			<li>Veux-tu que je te montre Shanti</li>#Newline			<li>Veux-tu jouer au devinette avec moi</li>#Newline			<li>Veux-tu que je te montre Colonel Hathi</li>#Newline			<li>Veux-tu que je te montre Flunkey</li>#Newline			<li>Veux-tu que je te montre Rama</li>#Newline			<li>Veux-tu jouer au devinette avec moi</li>#Newline			<li>Veux-tu que je te montre Raksha</li>#Newline			<li>Veux-tu que je te montre Shere Khan</li>#Newline			<li>Veux-tu que je te montre les Singes</li>#Newline			<li>Veux-tu jouer au devinette avec moi</li>#Newline			<li>Veux-tu que je te montre Winifred</li>#Newline			<li>Veux-tu que je te montre les Vautours</li>#Newline			<li>Veux-tu que je te montre les Elephants</li>#Newline			<li>Veux-tu jouer au devinette avec moi</li>#Newline		</random>,jungle.aiml
0,NON,VEUX-TU QUE JE TE MONTRE FLUNKEY,*,<random>#Newline			<li>Veux-tu que je te montre Shere Khan?</li>#Newline			<li>Veux-tu que je te montre Moi</li>#Newline			<li>Veux-tu que je te montre Bagheera</li>#Newline			<li>Veux-tu que je te montre Mowgli</li>#Newline			<li>Veux-tu que je te montre Junior</li>#Newline			<li>Veux-tu jouer au devinette avec moi</li>#Newline			<li>Veux-tu que je te montre Kaa</li>#Newline			<li>Veux-tu que je te montre Roi Louie</li>#Newline			<li>Veux-tu que je te montre Shanti</li>#Newline			<li>Veux-tu jouer au devinette avec moi</li>#Newline			<li>Veux-tu que je te montre Colonel Hathi</li>#Newline			<li>Veux-tu que je te montre Flunkey</li>#Newline			<li>Veux-tu que je te montre Rama</li>#Newline			<li>Veux-tu jouer au devinette avec moi</li>#Newline			<li>Veux-tu que je te montre Raksha</li>#Newline			<li>Veux-tu que je te montre Shere Khan</li>#Newline			<li>Veux-tu que je te montre les Singes</li>#Newline			<li>Veux-tu jouer au devinette avec moi</li>#Newline			<li>Veux-tu que je te montre Winifred</li>#Newline			<li>Veux-tu que je te montre les Vautours</li>#Newline			<li>Veux-tu que je te montre les Elephants</li>#Newline			<li>Veux-tu jouer au devinette avec moi</li>#Newline		</random>,jungle.aiml
0,NON,VEUX-TU QUE JE TE MONTRE RAMA,*,<random>#Newline			<li>Veux-tu que je te montre Shere Khan?</li>#Newline			<li>Veux-tu que je te montre Moi</li>#Newline			<li>Veux-tu que je te montre Bagheera</li>#Newline			<li>Veux-tu que je te montre Mowgli</li>#Newline			<li>Veux-tu que je te montre Junior</li>#Newline			<li>Veux-tu jouer au devinette avec moi</li>#Newline			<li>Veux-tu que je te montre Kaa</li>#Newline			<li>Veux-tu que je te montre Roi Louie</li>#Newline			<li>Veux-tu que je te montre Shanti</li>#Newline			<li>Veux-tu jouer au devinette avec moi</li>#Newline			<li>Veux-tu que je te montre Colonel Hathi</li>#Newline			<li>Veux-tu que je te montre Flunkey</li>#Newline			<li>Veux-tu que je te montre Rama</li>#Newline			<li>Veux-tu jouer au devinette avec moi</li>#Newline			<li>Veux-tu que je te montre Raksha</li>#Newline			<li>Veux-tu que je te montre Shere Khan</li>#Newline			<li>Veux-tu que je te montre les Singes</li>#Newline			<li>Veux-tu jouer au devinette avec moi</li>#Newline			<li>Veux-tu que je te montre Winifred</li>#Newline			<li>Veux-tu que je te montre les Vautours</li>#Newline			<li>Veux-tu que je te montre les Elephants</li>#Newline			<li>Veux-tu jouer au devinette avec moi</li>#Newline		</random>,jungle.aiml
0,NON,VEUX-TU QUE JE TE MONTRE RAKSHA,*,<random>#Newline			<li>Veux-tu que je te montre Shere Khan?</li>#Newline			<li>Veux-tu que je te montre Moi</li>#Newline			<li>Veux-tu que je te montre Bagheera</li>#Newline			<li>Veux-tu que je te montre Mowgli</li>#Newline			<li>Veux-tu que je te montre Junior</li>#Newline			<li>Veux-tu jouer au devinette avec moi</li>#Newline			<li>Veux-tu que je te montre Kaa</li>#Newline			<li>Veux-tu que je te montre Roi Louie</li>#Newline			<li>Veux-tu que je te montre Shanti</li>#Newline			<li>Veux-tu jouer au devinette avec moi</li>#Newline			<li>Veux-tu que je te montre Colonel Hathi</li>#Newline			<li>Veux-tu que je te montre Flunkey</li>#Newline			<li>Veux-tu que je te montre Rama</li>#Newline			<li>Veux-tu jouer au devinette avec moi</li>#Newline			<li>Veux-tu que je te montre Raksha</li>#Newline			<li>Veux-tu que je te montre Shere Khan</li>#Newline			<li>Veux-tu que je te montre les Singes</li>#Newline			<li>Veux-tu jouer au devinette avec moi</li>#Newline			<li>Veux-tu que je te montre Winifred</li>#Newline			<li>Veux-tu que je te montre les Vautours</li>#Newline			<li>Veux-tu que je te montre les Elephants</li>#Newline			<li>Veux-tu jouer au devinette avec moi</li>#Newline		</random>,jungle.aiml
0,NON,VEUX-TU QUE JE TE MONTRE LES SINGES,*,<random>#Newline			<li>Veux-tu que je te montre Shere Khan?</li>#Newline			<li>Veux-tu que je te montre Moi</li>#Newline			<li>Veux-tu que je te montre Bagheera</li>#Newline			<li>Veux-tu que je te montre Mowgli</li>#Newline			<li>Veux-tu que je te montre Junior</li>#Newline			<li>Veux-tu jouer au devinette avec moi</li>#Newline			<li>Veux-tu que je te montre Kaa</li>#Newline			<li>Veux-tu que je te montre Roi Louie</li>#Newline			<li>Veux-tu que je te montre Shanti</li>#Newline			<li>Veux-tu jouer au devinette avec moi</li>#Newline			<li>Veux-tu que je te montre Colonel Hathi</li>#Newline			<li>Veux-tu que je te montre Flunkey</li>#Newline			<li>Veux-tu que je te montre Rama</li>#Newline			<li>Veux-tu jouer au devinette avec moi</li>#Newline			<li>Veux-tu que je te montre Raksha</li>#Newline			<li>Veux-tu que je te montre Shere Khan</li>#Newline			<li>Veux-tu que je te montre les Singes</li>#Newline			<li>Veux-tu jouer au devinette avec moi</li>#Newline			<li>Veux-tu que je te montre Winifred</li>#Newline			<li>Veux-tu que je te montre les Vautours</li>#Newline			<li>Veux-tu que je te montre les Elephants</li>#Newline			<li>Veux-tu jouer au devinette avec moi</li>#Newline		</random>,jungle.aiml
0,NON,VEUX-TU QUE JE TE MONTRE WINIFRED,*,<random>#Newline			<li>Veux-tu que je te montre Shere Khan?</li>#Newline			<li>Veux-tu que je te montre Moi</li>#Newline			<li>Veux-tu que je te montre Bagheera</li>#Newline			<li>Veux-tu que je te montre Mowgli</li>#Newline			<li>Veux-tu que je te montre Junior</li>#Newline			<li>Veux-tu jouer au devinette avec moi</li>#Newline			<li>Veux-tu que je te montre Kaa</li>#Newline			<li>Veux-tu que je te montre Roi Louie</li>#Newline			<li>Veux-tu que je te montre Shanti</li>#Newline			<li>Veux-tu jouer au devinette avec moi</li>#Newline			<li>Veux-tu que je te montre Colonel Hathi</li>#Newline			<li>Veux-tu que je te montre Flunkey</li>#Newline			<li>Veux-tu que je te montre Rama</li>#Newline			<li>Veux-tu jouer au devinette avec moi</li>#Newline			<li>Veux-tu que je te montre Raksha</li>#Newline			<li>Veux-tu que je te montre Shere Khan</li>#Newline			<li>Veux-tu que je te montre les Singes</li>#Newline			<li>Veux-tu jouer au devinette avec moi</li>#Newline			<li>Veux-tu que je te montre Winifred</li>#Newline			<li>Veux-tu que je te montre les Vautours</li>#Newline			<li>Veux-tu que je te montre les Elephants</li>#Newline			<li>Veux-tu jouer au devinette avec moi</li>#Newline		</random>,jungle.aiml
0,NON,VEUX-TU QUE JE TE MONTRE LES VATOURS,*,<random>#Newline			<li>Veux-tu que je te montre Shere Khan?</li>#Newline			<li>Veux-tu que je te montre Moi</li>#Newline			<li>Veux-tu que je te montre Bagheera</li>#Newline			<li>Veux-tu que je te montre Mowgli</li>#Newline			<li>Veux-tu que je te montre Junior</li>#Newline			<li>Veux-tu jouer au devinette avec moi</li>#Newline			<li>Veux-tu que je te montre Kaa</li>#Newline			<li>Veux-tu que je te montre Roi Louie</li>#Newline			<li>Veux-tu que je te montre Shanti</li>#Newline			<li>Veux-tu jouer au devinette avec moi</li>#Newline			<li>Veux-tu que je te montre Colonel Hathi</li>#Newline			<li>Veux-tu que je te montre Flunkey</li>#Newline			<li>Veux-tu que je te montre Rama</li>#Newline			<li>Veux-tu jouer au devinette avec moi</li>#Newline			<li>Veux-tu que je te montre Raksha</li>#Newline			<li>Veux-tu que je te montre Shere Khan</li>#Newline			<li>Veux-tu que je te montre les Singes</li>#Newline			<li>Veux-tu jouer au devinette avec moi</li>#Newline			<li>Veux-tu que je te montre Winifred</li>#Newline			<li>Veux-tu que je te montre les Vautours</li>#Newline			<li>Veux-tu que je te montre les Elephants</li>#Newline			<li>Veux-tu jouer au devinette avec moi</li>#Newline		</random>,jungle.aiml
0,NON,VEUX-TU QUE JE TE MONTRE LES ELEPHANTS,*,<random>#Newline			<li>Veux-tu que je te montre Shere Khan?</li>#Newline			<li>Veux-tu que je te montre Moi</li>#Newline			<li>Veux-tu que je te montre Bagheera</li>#Newline			<li>Veux-tu que je te montre Mowgli</li>#Newline			<li>Veux-tu que je te montre Junior</li>#Newline			<li>Veux-tu jouer au devinette avec moi</li>#Newline			<li>Veux-tu que je te montre Kaa</li>#Newline			<li>Veux-tu que je te montre Roi Louie</li>#Newline			<li>Veux-tu que je te montre Shanti</li>#Newline			<li>Veux-tu jouer au devinette avec moi</li>#Newline			<li>Veux-tu que je te montre Colonel Hathi</li>#Newline			<li>Veux-tu que je te montre Flunkey</li>#Newline			<li>Veux-tu que je te montre Rama</li>#Newline			<li>Veux-tu jouer au devinette avec moi</li>#Newline			<li>Veux-tu que je te montre Raksha</li>#Newline			<li>Veux-tu que je te montre Shere Khan</li>#Newline			<li>Veux-tu que je te montre les Singes</li>#Newline			<li>Veux-tu jouer au devinette avec moi</li>#Newline			<li>Veux-tu que je te montre Winifred</li>#Newline			<li>Veux-tu que je te montre les Vautours</li>#Newline			<li>Veux-tu que je te montre les Elephants</li>#Newline			<li>Veux-tu jouer au devinette avec moi</li>#Newline		</random>,jungle.aiml
0,MOWGLI,*,*,<random>#Newline				<li><img src="https://disney-planet.fr/wp-content/uploads/2015/08/mowgli-personnage-livre-jungle-02.jpg"/></li>#Newline#Newline				<li><img src="https://disney-planet.fr/wp-content/uploads/2015/08/mowgli-personnage-livre-jungle-09.jpg"/></li>#Newline#Newline				<li><img src="https://disney-planet.fr/wp-content/uploads/2015/08/mowgli-personnage-livre-jungle-08.jpg"/></li>#Newline#Newline#Newline				<li><img src="https://disney-planet.fr/wp-content/uploads/2015/08/mowgli-personnage-livre-jungle-06.jpg"/></li>#Newline#Newline				<li><img src="https://disney-planet.fr/wp-content/uploads/2015/08/mowgli-personnage-livre-jungle-01.jpg"/></li>#Newline#Newline				<li><img src="https://disney-planet.fr/wp-content/uploads/2015/08/mowgli-personnage-livre-jungle-14.jpg"/></li>#Newline#Newline				<li><img src="https://disney-planet.fr/wp-content/uploads/2015/08/mowgli-personnage-livre-jungle-03.jpg"/></li>#Newline#Newline				<li><img src="https://disney-planet.fr/wp-content/uploads/2015/08/mowgli-personnage-livre-jungle-05.jpg"/></li>#Newline		#Newline				<li><img src="https://disney-planet.fr/wp-content/uploads/2015/08/mowgli-personnage-livre-jungle-02.jpg"/></li>#Newline				#Newline				<li><img src="https://disney-planet.fr/wp-content/uploads/2015/08/mowgli-personnage-livre-jungle-04.jpg"/></li>#Newline			#Newline				<li><img src="https://disney-planet.fr/wp-content/uploads/2015/08/mowgli-personnage-livre-jungle-13.jpg"/></li>#Newline				#Newline				<li><img src="https://disney-planet.fr/wp-content/uploads/2015/08/mowgli-personnage-livre-jungle-12.jpg"/></li>#Newline				#Newline				<li><img src="https://disney-planet.fr/wp-content/uploads/2015/08/mowgli-personnage-livre-jungle-11.jpg"/></li>#Newline				#Newline				<li><img src="https://disney-planet.fr/wp-content/uploads/2015/08/mowgli-personnage-livre-jungle-10.jpg"/></li>#Newline			</random>#Newline			Ah mon petit gars!,jungle.aiml
0,MONTRE MOWGLI,*,*,<srai>MOWGLI</srai>,jungle.aiml
0,JUNIOR,*,*,<random>#Newline			<li><img src="https://disney-planet.fr/wp-content/uploads/2016/03/junior-personnage-le-livre-de-la-jungle-03.jpg"/></li>#Newline#Newline			<li><img src="https://disney-planet.fr/wp-content/uploads/2016/03/junior-personnage-le-livre-de-la-jungle-01.jpg"/></li>#Newline#Newline			<li><img src="https://disney-planet.fr/wp-content/uploads/2016/03/junior-personnage-le-livre-de-la-jungle-05.jpg"/></li>#Newline#Newline#Newline			<li><img src="https://disney-planet.fr/wp-content/uploads/2016/03/junior-personnage-le-livre-de-la-jungle-02.jpg"/></li>#Newline		</random>#Newline		Sacré petit éléphant!,jungle.aiml
0,MONTRE JUNIOR,*,*,<srai>JUNIOR</srai>,jungle.aiml
0,KAA,*,*,<random>#Newline			<li><img src="https://disney-planet.fr/wp-content/uploads/2015/08/kaa-personnage-livre-jungle-07.jpg"/></li>#Newline#Newline			<li><img src="https://disney-planet.fr/wp-content/uploads/2015/08/kaa-personnage-livre-jungle-01.jpg"/></li>#Newline#Newline			<li><img src="https://disney-planet.fr/wp-content/uploads/2015/08/kaa-personnage-livre-jungle-08.jpg"/></li>#Newline#Newline			<li><img src="https://disney-planet.fr/wp-content/uploads/2015/08/kaa-personnage-livre-jungle-05.jpg"/></li>#Newline#Newline			<li><img src="https://disney-planet.fr/wp-content/uploads/2015/08/kaa-personnage-livre-jungle-04.jpg"/></li>#Newline			<li><img src="https://disney-planet.fr/wp-content/uploads/2015/08/kaa-personnage-livre-jungle-03.jpg"/></li>#Newline#Newline		</random>#Newline		Sacrée Boa ! Attention au yeuuxx!,jungle.aiml
0,MONTRE MOI KAA,*,*,<srai>KAA</srai>,jungle.aiml
0,ROI LOUIE,*,*,<random>#Newline			<li><img src="https://disney-planet.fr/wp-content/uploads/2015/08/roi-louie-personnage-livre-jungle-01.jpg"/></li>#Newline#Newline			<li><img src="https://disney-planet.fr/wp-content/uploads/2015/08/roi-louie-personnage-livre-jungle-06.jpg"/></li>#Newline#Newline			<li><img src="https://disney-planet.fr/wp-content/uploads/2015/08/roi-louie-personnage-livre-jungle-05.jpg"/></li>#Newline#Newline			<li><img src="https://disney-planet.fr/wp-content/uploads/2015/08/roi-louie-personnage-livre-jungle-04.jpg"/></li>#Newline#Newline			<li><img src="https://disney-planet.fr/wp-content/uploads/2015/08/roi-louie-personnage-livre-jungle-03.jpg"/></li>#Newline#Newline			<li><img src="https://disney-planet.fr/wp-content/uploads/2015/08/roi-louie-personnage-livre-jungle-02.jpg"/></li>#Newline#Newline			<li><img src="https://disney-planet.fr/wp-content/uploads/2015/08/roi-louie-personnage-livre-jungle-01.jpg"/></li>#Newline		</random>#Newline		Il est trop curieux sur le monde des humains et il a un sacrée problème avec les feu rouge ahahah!,jungle.aiml
0,* ROILOUIE,*,*,<srai>ROILOUIE</srai>,jungle.aiml
0,SHANTI,*,*,<random>#Newline			<li><img src="https://disney-planet.fr/wp-content/uploads/2016/03/shanti-personnage-le-livre-de-la-jungle-02.jpg"/></li>#Newline#Newline			<li><img src="https://disney-planet.fr/wp-content/uploads/2016/03/shanti-personnage-le-livre-de-la-jungle-04.jpg"/></li>#Newline#Newline			<li><img src="https://disney-planet.fr/wp-content/uploads/2016/03/shanti-personnage-le-livre-de-la-jungle-02.jpg"/></li>#Newline		</random>#Newline		L'amoureuse de Mowgli!,jungle.aiml
0,MONTRE MOI SHANTI,*,*,<srai>SHANTI</srai>,jungle.aiml
0,COLONEL HATHI,*,*,<random>#Newline			<li><img src="https://disney-planet.fr/wp-content/uploads/2016/03/colonel-hathi-personnage-le-livre-de-la-jungle-02.jpg"/></li>#Newline#Newline			<li><img src="https://disney-planet.fr/wp-content/uploads/2016/03/colonel-hathi-personnage-le-livre-de-la-jungle-04.jpg"/></li>#Newline#Newline			<li><img src="https://disney-planet.fr/wp-content/uploads/2016/03/colonel-hathi-personnage-le-livre-de-la-jungle-03.jpg"/></li>#Newline#Newline			<li><img src="https://disney-planet.fr/wp-content/uploads/2016/03/colonel-hathi-personnage-le-livre-de-la-jungle-02.jpg"/></li>#Newline#Newline		</random>#Newline		C'est un éléphant autoritaire! Avec sa petite branche au bout de sa trompe pour donner les ordres!! Attention il est très pointilleux!,jungle.aiml
0,MONTRE MOI COLONEL HATHI,*,*,<srai>COLONEL HATHI</srai>,jungle.aiml
0,FLUNKEY,*,*,<img src="https://www.animationsource.org/sites_content/jungle_book/upload/fanchars/pic_detail574c415aa806f.png"/>#Newline			Flunky est le second du Roi Louie!,jungle.aiml
0,MONTRE MOI FLUNKEY,*,*,<srai>FLUNKEY</srai>,jungle.aiml
0,RAMA,*,*,<random>#Newline			<li><img src="https://disney-planet.fr/wp-content/uploads/2016/03/rama-personnage-le-livre-de-la-jungle-01.jpg"/></li>	#Newline			<li><img src="https://disney-planet.fr/wp-content/uploads/2016/03/rama-personnage-le-livre-de-la-jungle-03.jpg"/></li>	#Newline			<li><img src="https://disney-planet.fr/wp-content/uploads/2016/03/rama-personnage-le-livre-de-la-jungle-02.jpg"/></li>	#Newline		</random>#Newline		Le père adoptif du petit Mowgli. Il l’élève aux côtés de ses propres louveteaux.,jungle.aiml
0,MONTRE MOI RAMA,*,*,<srai>RAMA</srai>,jungle.aiml
0,RAKSHA,*,*,<img src="https://www.animationsource.org/sites_content/jungle_book/upload/fanchars/pic_detail574c2e319bc3c.png"/> Raksha est la mère adoptive de Mowgli.,jungle.aiml
0,MONTRE MOI RAKSHA,*,*,<srai>Raksha</srai>,jungle.aiml
0,SHERE KHAN,*,*,<random>#Newline			#Newline			<li><img src="https://disney-planet.fr/wp-content/uploads/2015/08/shere-khan-personnage-livre-jungle-05.jpg"/></li>	#Newline#Newline			<li><img src="https://disney-planet.fr/wp-content/uploads/2015/08/shere-khan-personnage-livre-jungle-04.jpg"/></li>	#Newline		</random>#Newline		Le voilà! Qu'es ce qu'il est moche!,jungle.aiml
0,MONTRE MOI SHERE KHAN,*,*,<srai>SHERE KHAN</srai>,jungle.aiml
0,LES SINGES,*,*,AH NON les singes ne souhaite pas qu'on diffuse ses photos! et PUIS IL Y EN A BEAUCOUP TROP ! Fais attention a tes affaires !! Ils adorent faire des farces et faire les interressants devant leur bande d'amis singes!,jungle.aiml
0,MONTRE MOI LES SINGES,*,*,<srai>LES SINGES</srai>,jungle.aiml
0,WINIFRED,*,*,<random>#Newline			<li><img src="https://disney-planet.fr/wp-content/uploads/2016/03/winifred-personnage-le-livre-de-la-jungle-04.jpg"/></li>	#Newline#Newline			<li><img src="https://disney-planet.fr/wp-content/uploads/2016/03/winifred-personnage-le-livre-de-la-jungle-02.jpg"/></li>	#Newline#Newline		</random>#Newline		C'est l’épouse du Colonel Hathi et la mère de Junior. Elle est la seule qui remet en cause les ordres de son mari!,jungle.aiml
0,MONTRE MOI WINIFRED,*,*,<srai>WINIFRED</srai>,jungle.aiml
0,LES VAUTOURS,*,*,<random>#Newline			<li><img src="https://disney-planet.fr/wp-content/uploads/2016/03/vautour-personnage-le-livre-de-la-jungle-01.jpg"/></li>	#Newline#Newline			<li><img src="https://disney-planet.fr/wp-content/uploads/2016/03/vautour-personnage-le-livre-de-la-jungle-08.jpg"/></li>	#Newline#Newline			<li><img src="https://disney-planet.fr/wp-content/uploads/2016/03/vautour-personnage-le-livre-de-la-jungle-07.jpg"/></li>	#Newline#Newline#Newline			<li><img src="https://disney-planet.fr/wp-content/uploads/2016/03/vautour-personnage-le-livre-de-la-jungle-06.jpg"/></li>	#Newline		</random>#Newline		Les vautours sont perchés sur leur arbre mort et ne savent pas trop quoi faire pour s’occuper. Au nombre de quatre#Comma il y a le petit vautour chauve (Buzzie)#Comma un grand vautour avec des cheveux devant ses yeux (Dizzy)#Comma un vautour blond (Flaps) et un vautour brun (Ziggy).,jungle.aiml
0,MONTRE MOI LES VAUTOURS,*,*,<srai>LES VAUTOURS</srai>,jungle.aiml
0,LES ELEPHANTS,*,*,Désolé#Commales éléphants ne souhaitent pas qu'on diffuse ses photos! et PUIS IL Y EN A BEAUCOUP TROP !,jungle.aiml
0,MONTRE MOI LES ELEPHANTS,*,*,<srai>LES ELEPHANTS</srai>,jungle.aiml
0,QUEL PERSONNAGE,*,*,Je peut te présenter: les Elephants#Comma Mowgli#Comma Bagheera#Comma Moi#Comma Les Vautours#Comma Winifred#Comma Les Singes#Comma Shere Khan#Comma Raksha#Comma Rama#Comma Flunkey#Comma Colonel Hathi#Comma Shanti#Comma Roi Louie#Comma Kaa et Junior,jungle.aiml
0,LEQUEL,*,*,<srai>QUEL PERSONNAGE</srai>,jungle.aiml
